{
  "project_info": {
    "project_number": "18218150288",
    "project_id": "newloginmacmac",
    "storage_bucket": "newloginmacmac.appspot.com"
  },
  "client": [
    {
      "client_info": {
        "mobilesdk_app_id": "1:18218150288:android:f11a8ec17c044c412eeb15",
        "android_client_info": {
          "package_name": "com.example.newlogin"
        }
      },
      "oauth_client": [
        {
          "client_id": "18218150288-534f0okauj9pc44krcbslldqs8ln766e.apps.googleusercontent.com",
          "client_type": 3
        }
      ],
      "api_key": [
        {
          "current_key": "AIzaSyAr5mXV__1PENe_jIPzhpgiBCgAaxAJU6E"
        }
      ],
      "services": {
        "appinvite_service": {
          "other_platform_oauth_client": [
            {
              "client_id": "18218150288-534f0okauj9pc44krcbslldqs8ln766e.apps.googleusercontent.com",
              "client_type": 3
            }
          ]
        }
      }
    }
  ],
  "configuration_version": "1"
}